anchor_sku,bundle_sku,lifecycle_stage,ml_decline_probability,confidence,lift,bundle_score,recommended_action
SKU0098,SKU0001,Maturity,0.43818068569114016,0.3407746100053792,1.4076049838329727,0.4574545226321747,Bundle to stabilize demand
SKU0010,SKU0006,Maturity,0.41240566186993133,0.3466486120514556,1.4860054800206894,0.47782849770190217,Bundle to stabilize demand
SKU0010,SKU0001,Maturity,0.41240566186993133,0.3025210084033614,1.249594502172642,0.4045330761445641,Bundle to stabilize demand
